Family,Genus,Species,Comun Name,Number of recordings
Cotingidae,Cotinga,Cotinga cotinga,Purple-breastedCotinga,1
Cotingidae,Gymnoderus,Gymnoderus foetidus,Bare-neckedFruitcrow,1
Thraupidae,Dacnis,Dacnis viguieri,ViridianDacnis,1
Thraupidae,Bangsia,Bangsia arcaei,Blue-and-goldTanager,1
Furnariidae,Margarornis,Margarornis bellulus,BeautifulTreerunner,1
Cotingidae,Cotinga,Cotinga nattererii,BlueCotinga,2
Cotingidae,Carpodectes,Carpodectes hopkei,Black-tippedCotinga,2
Thraupidae,Tangara,Tangara fucosa,Green-napedTanager,2
Polioptilidae,Polioptila,Polioptila facilis,RioNegroGnatcatcher,2
Passerellidae,Chlorospingus,Chlorospingus inornatus,PirreBushTanager,2
Furnariidae,Siptornis,Siptornis striaticollis,SpectacledPrickletail,3
Icteridae,Psarocolius,Psarocolius guatimozinus,BlackOropendola,3
Cotingidae,Snowornis,Snowornis cryptolophus,OlivaceousPiha,3
Estrildidae,Lonchura,Lonchura malacca,TricoloredMunia,3
Polioptilidae,Polioptila,Polioptila guianensis,GuiananGnatcatcher,3
Fringilidae,Spinus,Spinus yarrellii,Yellow-facedSiskin,3
Passerellidae,Chlorospingus,Chlorospingus tacarcunae,TacarcunaBushTanager,3
Cotingidae,Cotinga,Cotinga maynana,Plum-throatedCotinga,4
Cotingidae,Haematoderus,Haematoderus militaris,CrimsonFruitcrow,4
Pipridae,Chloropipo,Chloropipo flavicapilla,Yellow-headedManakin,4
Tyrannidae,Pseudocolopteryx,Pseudocolopteryx acutipennis,SubtropicalDoradito,5
Pipridae,Corapipo,Corapipo leucorrhoa,White-bibbedManakin,5
Thraupidae,Paroaria,Paroaria nigrogenis,MaskedCardinal,5
Thraupidae,Thlypopsis,Thlypopsis fulviceps,Fulvous-headedTanager,5
Furnariidae,Furnarius,Furnarius torridus,BayHornero,5
Cinclidae,Cinclus,Cinclus leucocephalus,White-cappedDipper,6
Hirundinidae,Tachycineta,Tachycineta cyaneoviridis,BahamaSwallow,6
Furnariidae,Drymotoxeres,Drymotoxeres pucheranii,GreaterScythebill,6
Turdidae,Catharus,Catharus dryas,Yellow-throatedNightingale-Thrush,6
Cotingidae,Cotinga,Cotinga cayana,SpangledCotinga,6
Tyrannidae,Phylloscartes,Phylloscartes flavovirens,PanamanianTyrannulet,6
Tyrannidae,Phelpsia,Phelpsia inornata,White-beardedFlycatcher,6
Cotingidae,Porphyrolaema,Porphyrolaema porphyrolaema,Purple-throatedCotinga,6
Tyrannidae,Myiarchus,Myiarchus venezuelensis,VenezuelanFlycatcher,6
Thraupidae,Tangara,Tangara chrysotis,Golden-earedTanager,6
Tyrannidae,Zimmerius,Zimmerius improbus,SpectacledTyrannulet,6
Thraupidae,Cyanerpes,Cyanerpes lucidus,ShiningHoneycreeper,6
Cotingidae,Doliornis,Doliornis remseni,Chestnut-belliedCotinga,7
Icteridae,Cacicus,Cacicus sclateri,EcuadorianCacique,8
Icteridae,Icterus,Icterus leucopteryx,JamaicanOriole,8
Tyrannidae,Rhynchocyclus,Rhynchocyclus fulvipectus,Fulvous-breastedFlatbill,8
Icteridae,Icterus,Icterus auricapillus,Orange-crownedOriole,8
Tyrannidae,Myiarchus,Myiarchus panamensis,PanamanianFlycatcher,9
Cotingidae,Cephalopterus,Cephalopterus ornatus,AmazonianUmbrellabird,9
Thraupidae,Calochaetes,Calochaetes coccineus,VermilionTanager,9
Tyrannidae,Muscisaxicola,Muscisaxicola alpinus,ParamoGroundTyrant,9
Rhinocryptidae,Scytalopus,Scytalopus panamensis,TacarcunaTapaculo,9
Thraupidae,Iridophanes,Iridophanes pulcherrimus,Golden-collaredHoneycreeper,9
Vireonidae,Vireo,Vireo approximans,ProvidenciaVireo,9
Tyrannidae,Muscisaxicola,Muscisaxicola albilora,White-browedGroundTyrant,9
Furnariidae,Pseudocolaptes,Pseudocolaptes lawrencii,BuffyTuftedcheek,9
Onychorhynchidae,Myiobius,Myiobius villosus,Tawny-breastedMyiobius,9
Thraupidae,Sporophila,Sporophila americana,Wing-barredSeedeater,9
Tyrannidae,Cnemarchus,Cnemarchus erythropygius,Red-rumpedBushTyrant,9
Furnariidae,Xenerpestes,Xenerpestes minlosi,Double-bandedGreytail,10
Tyrannidae,Rhynchocyclus,Rhynchocyclus pacificus,PacificFlatbill,10
Passerellidae,Arremon,Arremon crassirostris,Sooty-facedFinch,10
Thraupidae,Thraupis,Thraupis glaucocolpa,GlaucousTanager,10
Thraupidae,Ixothraupis,Ixothraupis xanthogastra,Yellow-belliedTanager,10
Bombycillidae,Bombycilla,Bombycilla cedrorum,CedarWaxwing,11
Tyrannidae,Knipolegus,Knipolegus poecilocercus,AmazonianBlackTyrant,11
Thraupidae,Tangara,Tangara cyanotis,Blue-browedTanager,11
Thamnophilidae,Drymophila,Drymophila caudata,EastAndeanAntbird,11
Thraupidae,Dacnis,Dacnis berlepschi,Scarlet-breastedDacnis,11
Thraupidae,Tangara,Tangara johannae,Blue-whiskeredTanager,11
Icteridae,Psarocolius,Psarocolius cassini,BaudoOropendola,11
Thraupidae,Chrysothlypis,Chrysothlypis chrysomelas,Black-and-yellowTanager,11
Icteridae,Cacicus,Cacicus latirostris,Band-tailedOropendola,12
Troglodytidae,Cantorchilus,Cantorchilus griseus,GreyWren,12
Thraupidae,Dacnis,Dacnis hartlaubi,TurquoiseDacnis,12
Thamnophilidae,Myrmotherula,Myrmotherula behni,Plain-wingedAntwren,12
Thraupidae,Anisognathus,Anisognathus melanogenys,SantaMartaMountainTanager,12
Hirundinidae,Pygochelidon,Pygochelidon melanoleuca,Black-collaredSwallow,12
Thraupidae,Tangara,Tangara florida,EmeraldTanager,12
Fringilidae,Euphonia,Euphonia saturata,Orange-crownedEuphonia,12
Thraupidae,Urothraupis,Urothraupis stolzmanni,Black-backedBushTanager,12
Thamnophilidae,Myrmotherula,Myrmotherula sunensis,RioSunoAntwren,12
Troglodytidae,Troglodytes,Troglodytes monticola,SantaMartaWren,12
Furnariidae,Dendroplex,Dendroplex kienerii,Zimmer'sWoodcreeper,13
Passerellidae,Arremonops,Arremonops tocuyensis,TocuyoSparrow,13
Cotingidae,Pipreola,Pipreola lubomirskii,Black-chestedFruiteater,13
Tityridae,Pachyramphus,Pachyramphus spodiurus,SlatyBecard,13
Tyrannidae,Elaenia,Elaenia pelzelni,BrownishElaenia,13
Tyrannidae,Sirystes,Sirystes albogriseus,ChocoSirystes,13
Thraupidae,Bangsia,Bangsia rothschildi,Golden-chestedTanager,14
Pipridae,Heterocercus,Heterocercus flavivertex,Yellow-crestedManakin,14
Thraupidae,Ixothraupis,Ixothraupis varia,DottedTanager,14
Furnariidae,Margarornis,Margarornis stellatus,Star-chestedTreerunner,14
Thraupidae,Cyanerpes,Cyanerpes nitidus,Short-billedHoneycreeper,14
Thraupidae,Dacnis,Dacnis venusta,Scarlet-thighedDacnis,14
Tyrannidae,Aphanotriccus,Aphanotriccus audax,Black-billedFlycatcher,14
Fringilidae,Euphonia,Euphonia anneae,Tawny-cappedEuphonia,14
Tyrannidae,Polystictus,Polystictus pectoralis,BeardedTachuri,14
Thraupidae,Stilpnia,Stilpnia cyanoptera,Black-headedTanager,14
Polioptilidae,Polioptila,Polioptila schistaceigula,Slate-throatedGnatcatcher,14
Tyrannidae,Elaenia,Elaenia strepera,SlatyElaenia,14
Grallaridae,Grallaria,Grallaria gigantea,GiantAntpitta,14
Thamnophilidae,Xenornis,Xenornis setifrons,SpeckledAntshrike,15
Thraupidae,Creurgops,Creurgops verticalis,Rufous-crestedTanager,15
Thraupidae,Tachyphonus,Tachyphonus phoenicius,Red-shoulderedTanager,15
Tyrannidae,Myiarchus,Myiarchus phaeocephalus,Sooty-crownedFlycatcher,15
Thraupidae,Chlorochrysa,Chlorochrysa calliparaea,Orange-earedTanager,15
Passerellidae,Arremon,Arremon schlegeli,Golden-wingedSparrow,15
Thraupidae,Saltator,Saltator cinctus,MaskedSaltator,15
Thraupidae,Chalcothraupis,Chalcothraupis ruficervix,Golden-napedTanager,15
Furnariidae,Xenops,Xenops tenuirostris,Slender-billedXenops,15
Furnariidae,Thripophaga,Thripophaga cherriei,OrinocoSofttail,15
Tyrannidae,Knipolegus,Knipolegus orenocensis,RiversideTyrant,15
Thraupidae,Tangara,Tangara inornata,Plain-coloredTanager,16
Conopophagidae,Conopophaga,Conopophaga peruviana,Ash-throatedGnateater,16
Conopophagidae,Pittasoma,Pittasoma michleri,Black-crownedAntpitta,16
Furnariidae,Xiphorhynchus,Xiphorhynchus ocellatus,OcellatedWoodcreeper,16
Thamnophilidae,Aprositornis,Aprositornis disjuncta,YapacanaAntbird,16
Furnariidae,Hylexetastes,Hylexetastes stresemanni,Bar-belliedWoodcreeper,16
Thraupidae,Tangara,Tangara lavinia,Rufous-wingedTanager,17
Pipridae,Cryptopipo,Cryptopipo holochlora,GreenManakin,17
Thraupidae,Iridosornis,Iridosornis rufivertex,Golden-crownedTanager,17
Grallaridae,Grallaria,Grallaria urraoensis,UrraoAntpitta,17
Passerellidae,Atlapetes,Atlapetes semirufus,Ochre-breastedBrushfinch,17
Grallaridae,Grallaria,Grallaria saltuensis,PerijaAntpitta,17
Tyrannidae,Muscigralla, Muscigralla brevicauda,Short-tailedFieldTyrant,17
Thraupidae,Sporophila,Sporophila murallae,CaquetaSeedeater,17
Thraupidae,Tangara,Tangara callophrys,Opal-crownedTanager,17
Thamnophilidae,Rhegmatorhina,Rhegmatorhina cristata,Chestnut-crestedAntbird,17
Passerellidae,Atlapetes,Atlapetes tricolor,TricoloredBrushfinch,17
Tyrannidae,Muscisaxicola,Muscisaxicola maculirostris,Spot-billedGroundTyrant,17
Tyrannidae,Satrapa,Satrapa icterophrys,Yellow-browedTyrant,17
Furnariidae,Asthenes,Asthenes perijana,PerijaThistletail,17
Tyrannidae,Zimmerius,Zimmerius cinereicapilla,Red-billedTyrannulet,17
Thraupidae,Bangsia,Bangsia flavovirens,Yellow-greenTanager,17
Thamnophilidae,Frederickena,Frederickena unduliger,UndulatedAntshrike,18
Thraupidae,Chlorochrysa,Chlorochrysa nitidissima,MulticoloredTanager,18
Thamnophilidae,Oneillornis,Oneillornis lunulatus,LunulatedAntbird,18
Thraupidae,Ixothraupis,Ixothraupis guttata,SpeckledTanager,18
Furnariidae,Anabacerthia,Anabacerthia ruficaudata,Rufous-tailedFoliage-gleaner,18
Passerellidae,Arremon,Arremon basilicus,SierraNevadaBrushfinch,18
Thraupidae,Dacnis,Dacnis albiventris,White-belliedDacnis,18
Tyrannidae,Sublegatus,Sublegatus arenarum,NorthernScrubFlycatcher,18
Cotingidae,Cephalopterus,Cephalopterus penduliger,Long-wattledUmbrellabird,18
Furnariidae,Certhiaxis,Certhiaxis mustelinus,Red-and-whiteSpinetail,18
Thraupidae,Sicalis,Sicalis columbiana,Orange-frontedYellowFinch,18
Thraupidae,Tephrophilus,Tephrophilus wetmorei,MaskedMountainTanager,18
Tyrannidae,Myiotheretes,Myiotheretes pernix,SantaMartaBushTyrant,18
Thraupidae,Dacnis,Dacnis lineata,Black-facedDacnis,18
Thraupidae,Rhodospingus,Rhodospingus cruentus,Crimson-breastedFinch,18
Thraupidae,Conirostrum,Conirostrum rufum,Rufous-browedConebill,18
Thraupidae,Conirostrum,Conirostrum leucogenys,White-earedConebill,18
Furnariidae,Dendrocincla,Dendrocincla homochroa,RuddyWoodcreeper,18
Turdidae,Myadestes,Myadestes coloratus,VariedSolitaire,19
Thraupidae,Bangsia,Bangsia aureocincta,Gold-ringedTanager,19
Furnariidae,Premnornis,Premnornis guttuliger,Rusty-wingedBarbtail,19
Tityridae,Laniocera,Laniocera rufescens,SpeckledMourner,19
Passerellidae,Arremon,Arremon perijanus,PerijaBrushfinch,19
Cotingidae,Lipaugus,Lipaugus fuscocinereus,DuskyPiha,19
Thraupidae,Chrysothlypis,Chrysothlypis salmoni,Scarlet-and-whiteTanager,20
Tyrannidae,Agriornis,Agriornis albicauda,White-tailedShrike-Tyrant,20
Thraupidae,Conirostrum,Conirostrum margaritae,Pearly-breastedConebill,20
Tyrannidae,Agriornis,Agriornis montanus,Black-billedShrike-Tyrant,20
Motacillidae,Anthus,Anthus bogotensis,ParamoPipit,20
Grallaridae,Grallaria,Grallaria spatiator,SierraNevadaAntpitta,20
Tyrannidae,Elaenia,Elaenia gigas,Mottle-backedElaenia,20
Thraupidae,Thlypopsis,Thlypopsis ornata,Rufous-chestedTanager,20
Hirundinidae,Progne,Progne elegans,SouthernMartin,20
Estrildidae,Lonchura,Lonchura atricapilla,ChestnutMunia,20
Corvidae,Cyanocorax,Cyanocorax heilprini,Azure-napedJay,20
Furnariidae,Microxenops,Microxenops milleri,Rufous-tailedXenops,20
Tyrannidae,Serpophaga,Serpophaga cinerea,TorrentTyrannulet,21
Hirundinidae,Tachycineta,Tachycineta albilinea,MangroveSwallow,21
Thamnophilidae,Epinecrophylla,Epinecrophylla erythrura,Rufous-tailedStipplethroat,21
Tyrannidae,Sublegatus,Sublegatus obscurior,AmazonianScrubFlycatcher,21
Hirundinidae,Petrochelidon,Petrochelidon fulva,CaveSwallow,21
Onychorhynchidae,Myiobius,Myiobius atricaudus,Black-tailedMyiobius,21
Furnariidae,Philydor,Philydor fuscipenne,Slaty-wingedFoliage-gleaner,21
Furnariidae,Cranioleuca,Cranioleuca vulpecula,Parker'sSpinetail,21
Thraupidae,Sporophila,Sporophila atrirostris,Black-billedSeedFinch,21
Thraupidae,Cnemathraupis,Cnemathraupis eximia,Black-chestedMountainTanager,22
Thraupidae,Conothraupis,Conothraupis speculigera,Black-and-whiteTanager,22
Vireonidae,Vireo,Vireo caribaeus,SanAndresVireo,22
Furnariidae,Furnarius,Furnarius minor,LesserHornero,22
Thraupidae,Diglossa,Diglossa gloriosissima,Chestnut-belliedFlowerpiercer,22
Thraupidae,Tangara,Tangara icterocephala,Silver-throatedTanager,22
Tyrannidae,Phylloscartes,Phylloscartes superciliaris,Rufous-browedTyrannulet,22
Thraupidae,Pseudospingus,Pseudospingus verticalis,Black-headedHemispingus,22
Cotingidae,Ampelion,Ampelion rufaxilla,Chestnut-crestedCotinga,22
Turdidae,Entomodestes,Entomodestes coracinus,BlackSolitaire,22
Vireonidae,Hylophilus,Hylophilus brunneiceps,Brown-headedGreenlet,22
Thraupidae,Catamenia,Catamenia homochroa,ParamoSeedeater,22
Tityridae,Pachyramphus,Pachyramphus homochrous,One-coloredBecard,22
Tyrannidae,Fluvicola,Fluvicola albiventer,Black-backedWaterTyrant,23
Grallaridae,Grallaricula,Grallaricula cucullata,HoodedAntpitta,23
Tyrannidae,Fluvicola,Fluvicola pica,PiedWaterTyrant,23
Fringilidae,Euphonia,Euphonia luteicapilla,Yellow-crownedEuphonia,23
Tyrannidae,Tyrannus,Tyrannus niveigularis,Snowy-throatedKingbird,23
Tyrannidae,Rhytipterna,Rhytipterna immunda,Pale-belliedMourner,23
Pipridae,Corapipo,Corapipo altera,White-ruffedManakin,23
Thraupidae,Sporophila,Sporophila fringilloides,White-napedSeedeater,23
Thraupidae,Heterospingus, Heterospingus xanthopygius,Scarlet-browedTanager,23
Pipridae,Masius,Masius chrysopterus,Golden-wingedManakin,23
Tyrannidae,Knipolegus,Knipolegus poecilurus,Rufous-tailedTyrant,24
Thraupidae,Tangara,Tangara xanthocephala,Saffron-crownedTanager,24
Furnariidae,Metopothrix,Metopothrix aurantiaca,Orange-frontedPlushcrown,24
Pipridae,Pipra,Pipra filicauda,Wire-tailedManakin,24
Furnariidae,Cinclodes,Cinclodes albidiventris,Chestnut-wingedCinclodes,24
Pipridae,Xenopipo,Xenopipo atronitens,BlackManakin,24
Sapayoidae,Sapayoa,Sapayoa aenigma,Sapayoa,24
Tyrannidae,Serpophaga,Serpophaga hypoleuca,RiverTyrannulet,24
Tyrannidae,Platyrinchus,Platyrinchus flavigularis,Yellow-throatedSpadebill,24
Troglodytidae,Campylorhynchus,Campylorhynchus albobrunneus,White-headedWren,25
Tyrannidae,Elaenia,Elaenia ruficeps,Rufous-crownedElaenia,25
Tityridae,Tityra,Tityra inquisitor,Black-crownedTityra,25
Thamnophilidae,Phlegopsis,Phlegopsis erythroptera,Reddish-wingedBare-eye,25
Thamnophilidae,Ammonastes,Ammonastes pelzelni,Grey-belliedAntbird,25
Thraupidae,Ramphocelus,Ramphocelus flammigerus,Flame-rumpedTanager,25
Furnariidae,Certhiasomus,Certhiasomus stictolaemus,Spot-throatedWoodcreeper,25
Grallaridae,Grallaria,Grallaria alvarezi,ChamiAntpitta,25
Thraupidae,Anisognathus,Anisognathus notabilis,Black-chinnedMountainTanager,26
Thraupidae,Dacnis,Dacnis flaviventer,Yellow-belliedDacnis,26
Passerellidae,Atlapetes,Atlapetes leucopterus,White-wingedBrushfinch,26
Thraupidae,Parkerthraustes,Parkerthraustes humeralis,Yellow-shoulderedGrosbeak,26
Furnariidae,Cranioleuca,Cranioleuca subcristata,CrestedSpinetail,26
Tityridae,Schiffornis,Schiffornis stenorhyncha,Russet-wingedSchiffornis,26
Troglodytidae,Campylorhynchus,Campylorhynchus nuchalis,Stripe-backedWren,26
Tyrannidae,Ochthornis,Ochthornis littoralis,DrabWaterTyrant,26
Tyrannidae,Inezia,Inezia subflava,AmazonianInezia,26
Tyrannidae,Platyrinchus,Platyrinchus saturatus,Cinnamon-crestedSpadebill,27
Thamnophilidae,Myrmotherula,Myrmotherula surinamensis,GuiananStreakedAntwren,27
Furnariidae,Cinclodes,Cinclodes excelsior,Stout-billedCinclodes,27
Thraupidae,Saltator,Saltator orenocensis,OrinocoSaltator,27
Thraupidae,Bangsia,Bangsia edwardsi,Moss-backedTanager,27
Furnariidae,Lepidocolaptes,Lepidocolaptes fatimalimae,InambariWoodcreeper,27
Tyrannidae,Tolmomyias,Tolmomyias traylori,Orange-eyedFlatbill,27
Tyrannidae,Pyrocephalus,Pyrocephalus rubinus,ScarletFlycatcher,27
Tyrannidae,Rhynchocyclus,Rhynchocyclus brevirostris,Eye-ringedFlatbill,27
Thraupidae,Sporophila,Sporophila crassirostris,Large-billedSeedFinch,28
Thamnophilidae,Thamnophilus,Thamnophilus nigriceps,BlackAntshrike,28
Tyrannidae,Poecilotriccus,Poecilotriccus calopterus,Golden-wingedTody-Flycatcher,28
Tyrannidae,Mecocerculus,Mecocerculus minor,Sulphur-belliedTyrannulet,28
Fringilidae,Spinus,Spinus olivaceus,OlivaceousSiskin,28
Thraupidae,Sporophila,Sporophila bouvronides,Lesson'sSeedeater,28
Thamnophilidae,Myrmelastes,Myrmelastes humaythae,HumaitaAntbird,28
Thamnophilidae,Dysithamnus,Dysithamnus leucostictus,White-streakedAntvireo,28
Thraupidae,Diglossa,Diglossa brunneiventris,Black-throatedFlowerpiercer,28
Thamnophilidae,Euchrepomis,Euchrepomis humeralis,Chestnut-shoulderedAntwren,28
Tyrannidae,Inezia,Inezia tenuirostris,Slender-billedInezia,28
Passerellidae,Arremon,Arremon castaneiceps,OliveFinch,29
Tityridae,Iodopleura,Iodopleura isabellae,White-browedPurpletuft,29
Thraupidae,Chlorochrysa,Chlorochrysa phoenicotis,Glistening-greenTanager,29
Thraupidae,Sporophila,Sporophila intermedia,GreySeedeater,29
Fringilidae,Chlorophonia,Chlorophonia flavirostris,Yellow-collaredChlorophonia,29
Furnariidae,Clibanornis,Clibanornis rufipectus,SantaMartaFoliage-gleaner,29
Thamnophilidae,Myrmotherula,Myrmotherula ambigua,Yellow-throatedAntwren,29
Cotingidae,Snowornis,Snowornis subalaris,Grey-tailedPiha,29
Thraupidae,Cnemoscopus,Cnemoscopus rubrirostris,Grey-hoodedBushTanager,29
Tyrannidae,Inezia,Inezia caudata,Pale-tippedInezia,29
Thraupidae,Tangara,Tangara parzudakii,Flame-facedTanager,29
Rhinocryptidae,Scytalopus,Scytalopus canus,ParamilloTapaculo,29
Thraupidae,Ixothraupis,Ixothraupis punctata,SpottedTanager,30
Grallaridae,Grallaria,Grallaria dignissima,Ochre-stripedAntpitta,30
Thraupidae,Bangsia,Bangsia melanochlamys,Black-and-goldTanager,30
Thamnophilidae,Drymophila,Drymophila klagesi,Klages'sAntbird,30
Hirundinidae,Alopochelidon,Alopochelidon fucata,Tawny-headedSwallow,30
Thraupidae,Iridosornis,Iridosornis porphyrocephalus,Purplish-mantledTanager,30
Passerellidae,Atlapetes,Atlapetes fuscoolivaceus,Dusky-headedBrushfinch,30
Tyrannidae,Zimmerius,Zimmerius vilissimus,GuatemalanTyrannulet,30
Furnariidae,Leptasthenura,Leptasthenura andicola,AndeanTit-Spinetail,30
Tyrannidae,Myiophobus,Myiophobus roraimae,RoraimanFlycatcher,31
Tyrannidae,Phyllomyias,Phyllomyias plumbeiceps,Plumbeous-crownedTyrannulet,31
Cotingidae,Ampelion,Ampelion rubrocristatus,Red-crestedCotinga,31
Thraupidae,Sphenopsis,Sphenopsis frontalis,OleaginousHemispingus,31
Thraupidae,Tangara,Tangara schrankii,Green-and-goldTanager,31
Thraupidae,Ixothraupis,Ixothraupis rufigula,Rufous-throatedTanager,31
Tyrannidae,Sirystes,Sirystes albocinereus,White-rumpedSirystes,31
Troglodytidae,Troglodytes,Troglodytes ochraceus,OchraceousWren,31
Grallaridae,Hylopezus,Hylopezus fulviventris,White-loredAntpitta,31
Thraupidae,Conirostrum,Conirostrum binghami,GiantConebill,31
Fringilidae,Spinus,Spinus spinescens,AndeanSiskin,31
Cotingidae,Pipreola,Pipreola jucunda,Orange-breastedFruiteater,31
Thamnophilidae,Thamnophilus,Thamnophilus melanonotus,Black-backedAntshrike,32
Thamnophilidae,Thamnophilus,Thamnophilus praecox,CochaAntshrike,32
Thamnophilidae,Euchrepomis,Euchrepomis callinota,Rufous-rumpedAntwren,32
Onychorhynchidae,Myiobius,Myiobius barbatus,WhiskeredMyiobius,32
Conopophagidae,Pittasoma,Pittasoma rufopileatum,Rufous-crownedAntpitta,32
Thraupidae,Sporophila,Sporophila telasco,Chestnut-throatedSeedeater,32
Rhinocryptidae,Scytalopus,Scytalopus perijanus,PerijaTapaculo,32
Troglodytidae,Henicorhina,Henicorhina anachoreta,HermitWoodWren,32
Tyrannidae,Arundinicola,Arundinicola leucocephala,White-headedMarshTyrant,32
Thraupidae,Conirostrum,Conirostrum albifrons,CappedConebill,32
Thraupidae,Paroaria,Paroaria gularis,Red-cappedCardinal,32
Hirundinidae,Atticora,Atticora tibialis,White-thighedSwallow,32
Pipridae,Machaeropterus,Machaeropterus regulus,KingletManakin,33
Furnariidae,Thripophaga,Thripophaga fusciceps,PlainSofttail,33
Fringilidae,Euphonia,Euphonia trinitatis,TrinidadEuphonia,33
Furnariidae,Thripadectes,Thripadectes ignobilis,UniformTreehunter,33
Furnariidae,Ancistrops,Ancistrops strigilatus,Chestnut-wingedHookbill,33
Thamnophilidae,Euchrepomis,Euchrepomis spodioptila,Ash-wingedAntwren,34
Thraupidae,Tachyphonus,Tachyphonus surinamus,Fulvous-crestedTanager,34
Cotingidae,Phoenicircus,Phoenicircus nigricollis,Black-neckedRedCotinga,34
Passerellidae,Atlapetes,Atlapetes leucopis,White-rimmedBrushfinch,34
Thraupidae,Cyanerpes,Cyanerpes caeruleus,PurpleHoneycreeper,34
Furnariidae,Dendroma,Dendroma erythroptera,Chestnut-wingedFoliage-gleaner,34
Fringilidae,Euphonia,Euphonia concinna,Velvet-frontedEuphonia,34
Thamnophilidae,Thamnophilus,Thamnophilus cryptoleucus,Castelnau'sAntshrike,34
Tyrannidae,Myiarchus,Myiarchus apicalis,ApicalFlycatcher,34
Rhinocryptidae,Scytalopus,Scytalopus sanctaemartae,SantaMartaTapaculo,35
Icteridae,Lampropsar,Lampropsar tanagrinus,Velvet-frontedGrackle,35
Thamnophilidae,Myrmotherula,Myrmotherula assimilis,LeadenAntwren,35
Tityridae,Schiffornis,Schiffornis aenea,FoothillSchiffornis,35
Cotingidae,Lipaugus,Lipaugus weberi,Chestnut-cappedPiha,35
Tyrannidae,Oncostoma,Oncostoma olivaceum,SouthernBentbill,35
Furnariidae,Sclerurus,Sclerurus mexicanus,Tawny-throatedLeaftosser,35
Icteridae,Cacicus,Cacicus oseryi,CasquedOropendola,35
Tyrannidae,Tyrannus,Tyrannus forficatus,Scissor-tailedFlycatcher,36
Tyrannidae,Conopias,Conopias albovittatus,White-ringedFlycatcher,36
Grallaridae,Grallaricula,Grallaricula lineifrons,Crescent-facedAntpitta,36
Fringilidae,Euphonia,Euphonia fulvicrissa,Fulvous-ventedEuphonia,36
Thraupidae,Tangara,Tangara labradorides,Metallic-greenTanager,36
Thamnophilidae,Drymophila,Drymophila hellmayri,SantaMartaAntbird,36
Tyrannidae,Phyllomyias,Phyllomyias cinereiceps,Ashy-headedTyrannulet,36
Tyrannidae,Phyllomyias,Phyllomyias uropygialis,Tawny-rumpedTyrannulet,36
Tyrannidae,Myiophobus,Myiophobus phoenicomitra,Orange-crestedFlycatcher,36
Thraupidae,Iridosornis,Iridosornis analis,Yellow-throatedTanager,36
Tyrannidae,Mionectes,Mionectes striaticollis,Streak-neckedFlycatcher,36
Vireonidae,Vireolanius,Vireolanius eximius,Yellow-browedShrike-Vireo,36
Thraupidae,Conirostrum,Conirostrum cinereum,CinereousConebill,36
Furnariidae,Synallaxis,Synallaxis moesta,DuskySpinetail,36
Tyrannidae,Hemitriccus,Hemitriccus rufigularis,Buff-throatedTody-Tyrant,37
Furnariidae,Dendrocincla,Dendrocincla merula,White-chinnedWoodcreeper,37
Hirundinidae,Atticora,Atticora fasciata,White-bandedSwallow,37
Thamnophilidae,Isleria,Isleria guttata,Rufous-belliedAntwren,37
Thraupidae,Catamenia,Catamenia analis,Band-tailedSeedeater,37
Tityridae,Laniisoma,Laniisoma elegans,BrazilianLaniisoma,37
Passerellidae,Atlapetes,Atlapetes melanocephalus,SantaMartaBrushfinch,37
Furnariidae,Automolus,Automolus melanopezus,Brown-rumpedFoliage-gleaner,37
Thraupidae,Sphenopsis,Sphenopsis melanotis,Black-earedHemispingus,37
Thamnophilidae,Myrmochanes,Myrmochanes hemileucus,Black-and-whiteAntbird,38
Tyrannidae,Nephelomyias,Nephelomyias pulcher,HandsomeFlycatcher,38
Tyrannidae,Stigmatura,Stigmatura napensis,LesserWagtail-Tyrant,38
Tyrannidae,Myiopagis,Myiopagis subplacens,PacificElaenia,38
Furnariidae,Cranioleuca,Cranioleuca hellmayri,Streak-cappedSpinetail,38
Thamnophilidae,Myrmoborus,Myrmoborus lugubris,Ash-breastedAntbird,38
Thraupidae,Kleinothraupis,Kleinothraupis atropileus,Black-cappedHemispingus,39
Tyrannidae,Tyrannus,Tyrannus albogularis,White-throatedKingbird,39
Thamnophilidae,Clytoctantes,Clytoctantes alixii,Recurve-billedBushbird,39
Troglodytidae,Odontorchilus,Odontorchilus branickii,Grey-mantledWren,39
Thraupidae,Diglossa,Diglossa glauca,Golden-eyedFlowerpiercer,39
Tyrannidae,Todirostrum,Todirostrum nigriceps,Black-headedTody-Flycatcher,40
Thamnophilidae,Herpsilochmus,Herpsilochmus dugandi,Dugand'sAntwren,40
Icteridae,Gymnomystax,Gymnomystax mexicanus,OrioleBlackbird,40
Thraupidae,Ramphocelus,Ramphocelus nigrogularis,MaskedCrimsonTanager,41
Icteridae,Icterus,Icterus icterus,VenezuelanTroupial,41
Thraupidae,Tangara,Tangara nigroviridis,Beryl-spangledTanager,41
Tyrannidae,Elaenia,Elaenia martinica,CaribbeanElaenia,41
Tyrannidae,Uromyias,Uromyias agilis,AgileTit-Tyrant,41
Turdidae,Cichlopsis,Cichlopsis leucogenys,Rufous-brownSolitaire,41
Thamnophilidae,Gymnocichla,Gymnocichla nudiceps,Bare-crownedAntbird,41
Furnariidae,Synallaxis,Synallaxis candei,White-whiskeredSpinetail,41
Furnariidae,Lepidocolaptes,Lepidocolaptes duidae,DuidaWoodcreeper,41
Hirundinidae,Orochelidon,Orochelidon murina,Brown-belliedSwallow,41
Passerellidae,Atlapetes,Atlapetes albofrenatus,MoustachedBrushfinch,41
Onychorhynchidae,Onychorhynchus,Onychorhynchus coronatus,AmazonianRoyalFlycatcher,42
Tyrannidae,Myiopagis,Myiopagis olallai,FoothillElaenia,42
Thraupidae,Hemithraupis,Hemithraupis flavicollis,Yellow-backedTanager,42
Thraupidae,Catamblyrhynchus,Catamblyrhynchus diadema,Plushcap,42
Thraupidae,Tangara,Tangara vassorii,Blue-and-blackTanager,42
Thamnophilidae,Myrmelastes,Myrmelastes schistaceus,Slate-coloredAntbird,42
Cotingidae,Pipreola,Pipreola aureopectus,Golden-breastedFruiteater,42
Fringilidae,Euphonia,Euphonia plumbea,PlumbeousEuphonia,42
Tityridae,Pachyramphus,Pachyramphus rufus,CinereousBecard,42
Thamnophilidae,Gymnopithys,Gymnopithys rufigula,Rufous-throatedAntbird,43
Thraupidae,Tangara,Tangara mexicana,TurquoiseTanager,43
Rhinocryptidae,Scytalopus,Scytalopus rodriguezi,MagdalenaTapaculo,43
Hirundinidae,Orochelidon,Orochelidon flavipes,Pale-footedSwallow,43
Thraupidae,Stilpnia,Stilpnia nigrocincta,MaskedTanager,43
Thamnophilidae,Sipia,Sipia berlepschi,Stub-tailedAntbird,43
Tyrannidae,Elaenia,Elaenia brachyptera,Coopmans'sElaenia,43
Thamnophilidae,Neoctantes,Neoctantes niger,BlackBushbird,43
Furnariidae,Synallaxis,Synallaxis subpudica,Silvery-throatedSpinetail,44
Passerellidae,Oreothraupis,Oreothraupis arremonops,TanagerFinch,44
Cotingidae,Pyroderus,Pyroderus scutatus,Red-ruffedFruitcrow,44
Thraupidae,Diglossa,Diglossa sittoides,RustyFlowerpiercer,44
Formicariidae,Chamaeza,Chamaeza nobilis,StriatedAntthrush,44
Thamnophilidae,Myrmotherula,Myrmotherula longicauda,Stripe-chestedAntwren,44
Tityridae,Pachyramphus,Pachyramphus minor,Pink-throatedBecard,45
Furnariidae,Asthenes,Asthenes wyatti,Streak-backedCanastero,45
Thamnophilidae,Sipia,Sipia laemosticta,Dull-mantledAntbird,45
Furnariidae,Synallaxis,Synallaxis fuscorufa,Rusty-headedSpinetail,45
Tyrannidae,Attila,Attila torridus,OchraceousAttila,45
Cotingidae,Ampelioides,Ampelioides tschudii,ScaledFruiteater,45
Vireonidae,Pachysylvia,Pachysylvia aurantiifrons,Golden-frontedGreenlet,45
Passerellidae,Chlorospingus,Chlorospingus canigularis,Ashy-throatedBushTanager,45
Thraupidae,Catamenia,Catamenia inornata,Plain-coloredSeedeater,46
Thraupidae,Sporophila,Sporophila castaneiventris,Chestnut-belliedSeedeater,46
Thamnophilidae,Myrmornis,Myrmornis torquata,Wing-bandedAntbird,46
Tyrannidae,Myiopagis,Myiopagis flavivertex,Yellow-crownedElaenia,46
Tyrannidae,Lathrotriccus,Lathrotriccus griseipectus,Grey-breastedFlycatcher,46
Grallaridae,Grallaria,Grallaria milleri,Brown-bandedAntpitta,46
Thraupidae,Sporophila,Sporophila funerea,Thick-billedSeedFinch,47
Tyrannidae,Mionectes,Mionectes olivaceus,Olive-stripedFlycatcher,47
Tyrannidae,Mecocerculus,Mecocerculus poecilocercus,White-tailedTyrannulet,47
Furnariidae,Xiphorhynchus,Xiphorhynchus triangularis,Olive-backedWoodcreeper,47
Tityridae,Pachyramphus,Pachyramphus albogriseus,Black-and-whiteBecard,47
Tyrannidae,Todirostrum,Todirostrum pictum,PaintedTody-Flycatcher,47
Hirundinidae,Tachycineta,Tachycineta albiventer,White-wingedSwallow,47
Thamnophilidae,Epinecrophylla,Epinecrophylla spodionota,FoothillStipplethroat,47
Vireonidae,Hylophilus,Hylophilus olivaceus,OlivaceousGreenlet,47
Passerellidae,Arremon,Arremon atricapillus,Black-headedBrushfinch,47
Tyrannidae,Conopias,Conopias cinchoneti,Lemon-browedFlycatcher,48
Cotingidae,Xipholena,Xipholena punicea,PompadourCotinga,48
Tyrannidae,Phylloscartes,Phylloscartes gualaquizae,EcuadorianTyrannulet,48
Tyrannidae,Ochthoeca,Ochthoeca fumicolor,Brown-backedChat-Tyrant,48
Rhinocryptidae,Scytalopus,Scytalopus alvarezlopezi,TatamaTapaculo,48
Furnariidae,Thripadectes,Thripadectes flammulatus,FlammulatedTreehunter,49
Passerellidae,Atlapetes,Atlapetes flaviceps,Yellow-headedBrushfinch,49
Thraupidae,Diglossa,Diglossa humeralis,BlackFlowerpiercer,49
Rhinocryptidae,Scytalopus,Scytalopus latebricola,Brown-rumpedTapaculo,49
Tyrannidae,Neopipo,Neopipo cinnamomea,CinnamonNeopipo,49
Tyrannidae,Phyllomyias,Phyllomyias nigrocapillus,Black-cappedTyrannulet,50
Grallaridae,Grallaricula,Grallaricula flavirostris,Ochre-breastedAntpitta,50
Tyrannidae,Ochthoeca,Ochthoeca rufipectoralis,Rufous-breastedChat-Tyrant,50
Furnariidae,Sclerurus,Sclerurus guatemalensis,Scaly-throatedLeaftosser,50
Thamnophilidae,Hypocnemis,Hypocnemis flavescens,ImeriWarblingAntbird,50
Thraupidae,Conirostrum,Conirostrum sitticolor,Blue-backedConebill,51
Thraupidae,Conirostrum,Conirostrum bicolor,BicoloredConebill,51
Thraupidae,Schistochlamys,Schistochlamys melanopis,Black-facedTanager,51
Fringilidae,Spinus,Spinus xanthogastrus,Yellow-belliedSiskin,51
Tyrannidae,Rhytipterna,Rhytipterna holerythra,RufousMourner,51
Formicariidae,Chamaeza,Chamaeza mollissima,BarredAntthrush,51
Furnariidae,Synallaxis,Synallaxis cherriei,Chestnut-throatedSpinetail,51
Rhinocryptidae,Scytalopus,Scytalopus stilesi,Stiles'sTapaculo,51
Thraupidae,Sporophila,Sporophila plumbea,PlumbeousSeedeater,51
Conopophagidae,Conopophaga,Conopophaga castaneiceps,Chestnut-crownedGnateater,51
Thamnophilidae,Herpsilochmus,Herpsilochmus axillaris,Yellow-breastedAntwren,52
Thamnophilidae,Thamnophilus,Thamnophilus nigrocinereus,Blackish-greyAntshrike,52
Tyrannidae,Myiophobus,Myiophobus cryptoxanthus,Olive-chestedFlycatcher,52
Furnariidae,Pseudocolaptes,Pseudocolaptes boissonneautii,StreakedTuftedcheek,52
Thamnophilidae,Megastictus,Megastictus margaritatus,PearlyAntshrike,52
Cotingidae,Rupicola,Rupicola rupicola,GuiananCock-of-the-rock,52
Furnariidae,Mazaria,Mazaria propinqua,White-belliedSpinetail,52
Tyrannidae,Ornithion,Ornithion brunneicapillus,Brown-cappedTyrannulet,53
Thraupidae,Tangara,Tangara velia,Opal-rumpedTanager,53
Pipridae,Lepidothrix,Lepidothrix isidorei,Blue-rumpedManakin,53
Fringilidae,Euphonia,Euphonia minuta,White-ventedEuphonia,53
Tyrannidae,Contopus,Contopus nigrescens,BlackishPewee,53
Thraupidae,Diglossa,Diglossa indigotica,IndigoFlowerpiercer,53
Thamnophilidae,Myrmotherula,Myrmotherula cherriei,Cherrie'sAntwren,53
Thamnophilidae,Dysithamnus,Dysithamnus occidentalis,BicoloredAntvireo,53
Troglodytidae,Cantorchilus,Cantorchilus leucopogon,Stripe-throatedWren,53
Furnariidae,Philydor,Philydor erythrocercum,Rufous-rumpedFoliage-gleaner,53
Grallaridae,Grallaria,Grallaria alleni,MoustachedAntpitta,53
Furnariidae,Anabazenops,Anabazenops dorsalis,BambooFoliage-gleaner,53
Thamnophilidae,Sipia,Sipia palliata,MagdalenaAntbird,54
Grallaridae,Grallaria,Grallaria rufocinerea,BicoloredAntpitta,54
Thraupidae,Geospizopsis,Geospizopsis unicolor,PlumbeousSierraFinch,54
Thamnophilidae,Pithys,Pithys albifrons,White-plumedAntbird,54
Vireonidae,Vireo,Vireo masteri,ChocoVireo,54
Furnariidae,Xiphorhynchus,Xiphorhynchus lachrymosus,Black-stripedWoodcreeper,54
Tityridae,Pachyramphus,Pachyramphus versicolor,BarredBecard,54
Passerellidae,Atlapetes,Atlapetes albinucha,White-napedBrushfinch,55
Thamnophilidae,Gymnopithys,Gymnopithys leucaspis,White-cheekedAntbird,55
Thraupidae,Stilpnia,Stilpnia larvata,Golden-hoodedTanager,55
Icteridae,Leistes,Leistes militaris,Red-breastedBlackbird,55
Grallaridae,Grallaricula,Grallaricula ferrugineipectus,Rusty-breastedAntpitta,55
Grallaridae,Hylopezus,Hylopezus macularius,SpottedAntpitta,55
Cotingidae,Perissocephalus,Perissocephalus tricolor,Capuchinbird,56
Furnariidae,Xiphorhynchus,Xiphorhynchus pardalotus,Chestnut-rumpedWoodcreeper,56
Thraupidae,Ramphocelus,Ramphocelus dimidiatus,Crimson-backedTanager,56
Furnariidae,Philydor,Philydor pyrrhodes,Cinnamon-rumpedFoliage-gleaner,57
Conopophagidae,Conopophaga,Conopophaga aurita,Chestnut-beltedGnateater,57
Tyrannidae,Hemitriccus,Hemitriccus iohannis,Johannes'sTody-Tyrant,57
Thraupidae,Stilpnia,Stilpnia cyanicollis,Blue-neckedTanager,57
Thraupidae,Stilpnia,Stilpnia heinei,Black-cappedTanager,57
Fringilidae,Euphonia,Euphonia rufiventris,Rufous-belliedEuphonia,57
Tyrannidae,Pseudotriccus,Pseudotriccus pelzelni,Bronze-olivePygmyTyrant,57
Furnariidae,Margarornis,Margarornis squamiger,PearledTreerunner,57
Thamnophilidae,Thamnistes,Thamnistes anabatinus,RussetAntshrike,58
Furnariidae,Dendrocincla,Dendrocincla tyrannina,TyrannineWoodcreeper,58
Icteridae,Molothrus,Molothrus aeneus,BronzedCowbird,58
Tyrannidae,Myiotheretes,Myiotheretes striaticollis,Streak-throatedBushTyrant,58
Melanopareiidae,Melanopareia,Melanopareia elegans,ElegantCrescentchest,58
Thraupidae,Sporathraupis,Sporathraupis cyanocephala,Blue-cappedTanager,59
Fringilidae,Chlorophonia,Chlorophonia pyrrhophrys,Chestnut-breastedChlorophonia,59
Thraupidae,Geospizopsis,Geospizopsis plebejus,Ash-breastedSierraFinch,59
Troglodytidae,Microcerculus,Microcerculus bambla,Wing-bandedWren,59
Thamnophilidae,Phaenostictus,Phaenostictus mcleannani,OcellatedAntbird,59
Tyrannidae,Oncostoma,Oncostoma cinereigulare,NorthernBentbill,59
Tyrannidae,Myiarchus,Myiarchus cephalotes,Pale-edgedFlycatcher,59
Thamnophilidae,Myrmotherula,Myrmotherula pacifica,PacificAntwren,60
Thamnophilidae,Frederickena,Frederickena fulva,FulvousAntshrike,60
Grallaridae,Grallaria,Grallaria rufula,MuiscaAntpitta,60
Thraupidae,Sporophila,Sporophila corvina,VariableSeedeater,60
Icteridae,Cacicus,Cacicus chrysonotus,SouthernMountainCacique,60
Furnariidae,Cranioleuca,Cranioleuca gutturata,SpeckledSpinetail,61
Furnariidae,Sclerurus,Sclerurus rufigularis,Short-billedLeaftosser,61
Tyrannidae,Myiotheretes,Myiotheretes fumigatus,SmokyBushTyrant,61
Vireonidae,Pachysylvia,Pachysylvia muscicapina,Buff-cheekedGreenlet,61
Thamnophilidae,Sciaphylax,Sciaphylax castanea,NorthernChestnut-tailedAntbird,61
Tyrannidae,Zimmerius,Zimmerius albigularis,ChocoTyrannulet,61
Tyrannidae,Hemitriccus,Hemitriccus minimus,Zimmer'sTody-Tyrant,61
Tityridae,Schiffornis,Schiffornis major,VarzeaSchiffornis,61
Tyrannidae,Conopias,Conopias trivirgatus,Three-stripedFlycatcher,61
Furnariidae,Thripadectes,Thripadectes melanorhynchus,Black-billedTreehunter,61
Thraupidae,Tachyphonus,Tachyphonus delatrii,Tawny-crestedTanager,61
Tyrannidae,Atalotriccus,Atalotriccus pilaris,Pale-eyedPygmyTyrant,61
Tyrannidae,Zimmerius,Zimmerius gracilipes,Slender-footedTyrannulet,62
Icteridae,Psarocolius,Psarocolius bifasciatus,OliveOropendola,62
Icteridae,Cacicus,Cacicus uropygialis,SubtropicalCacique,62
Thamnophilidae,Dysithamnus,Dysithamnus puncticeps,Spot-crownedAntvireo,62
Tyrannidae,Poecilotriccus,Poecilotriccus ruficeps,Rufous-crownedTody-Flycatcher,62
Polioptilidae,Microbates,Microbates collaris,CollaredGnatwren,63
Passerellidae,Chlorospingus,Chlorospingus semifuscus,DuskyBushTanager,63
Tyrannidae,Ramphotrigon,Ramphotrigon fuscicauda,Dusky-tailedFlatbill,63
Thraupidae,Thlypopsis,Thlypopsis sordida,Orange-headedTanager,63
Tyrannidae,Sublegatus,Sublegatus modestus,SouthernScrubFlycatcher,63
Thraupidae,Chlorophanes,Chlorophanes spiza,GreenHoneycreeper,63
Thraupidae,Stilpnia,Stilpnia vitriolina,ScrubTanager,63
Furnariidae,Asthenes,Asthenes flammulata,Many-stripedCanastero,63
Mitrospingidae,Lamprospiza,Lamprospiza melanoleuca,Red-billedPiedTanager,63
Thamnophilidae,Sipia,Sipia nigricauda,EsmeraldasAntbird,63
Thamnophilidae,Myrmotherula,Myrmotherula schisticolor,SlatyAntwren,63
Thraupidae,Loriotus,Loriotus luctuosus,White-shoulderedTanager,64
Vireonidae,Vireo,Vireo philadelphicus,PhiladelphiaVireo,64
Thraupidae,Tangara,Tangara gyrola,Bay-headedTanager,64
Thraupidae,Haplospiza,Haplospiza rustica,SlatyFinch,64
Tyrannidae,Todirostrum,Todirostrum maculatum,SpottedTody-Flycatcher,64
Tyrannidae,Conopias,Conopias parvus,Yellow-throatedFlycatcher,64
Corvidae,Cyanolyca,Cyanolyca pulchra,BeautifulJay,65
Thraupidae,Melanospiza,Melanospiza bicolor,Black-facedGrassquit,65
Grallaridae,Grallaria,Grallaria kaestneri,CundinamarcaAntpitta,65
Furnariidae,Dendrocolaptes,Dendrocolaptes sanctithomae,NorthernBarredWoodcreeper,65
Thraupidae,Tangara,Tangara arthus,GoldenTanager,67
Cotingidae,Pipreola,Pipreola arcuata,BarredFruiteater,67
Troglodytidae,Thryophilus,Thryophilus sernai,AntioquiaWren,67
Tyrannidae,Elaenia,Elaenia pallatangae,SierranElaenia,67
Icteridae,Molothrus,Molothrus oryzivorus,GiantCowbird,67
Tyrannidae,Myiophobus,Myiophobus flavicans,FlavescentFlycatcher,67
Furnariidae,Berlepschia,Berlepschia rikeri,Point-tailedPalmcreeper,68
Fringilidae,Euphonia,Euphonia mesochrysa,Bronze-greenEuphonia,68
Thamnophilidae,Myrmotherula,Myrmotherula ignota,MoustachedAntwren,68
Thraupidae,Anisognathus,Anisognathus somptuosus,Blue-wingedMountainTanager,68
Tyrannidae,Todirostrum,Todirostrum chrysocrotaphum,Yellow-browedTody-Flycatcher,69
Thraupidae,Sporophila,Sporophila schistacea,Slate-coloredSeedeater,69
Thamnophilidae,Rhegmatorhina,Rhegmatorhina melanosticta,Hairy-crestedAntbird,69
Thamnophilidae,Hypocnemoides,Hypocnemoides melanopogon,Black-chinnedAntbird,69
Icteridae,Icterus,Icterus mesomelas,Yellow-tailedOriole,69
Rhinocryptidae,Scytalopus,Scytalopus chocoensis,ChocoTapaculo,70
Furnariidae,Furnarius,Furnarius leucopus,Pale-leggedHornero,70
Icteridae,Icterus,Icterus cayanensis,EpauletOriole,70
Pipridae,Machaeropterus,Machaeropterus deliciosus,Club-wingedManakin,70
Thamnophilidae,Thamnophilus,Thamnophilus tenuepunctatus,LinedAntshrike,70
Icteridae,Hypopyrrhus,Hypopyrrhus pyrohypogaster,Red-belliedGrackle,71
Grallaridae,Grallaria,Grallaria haplonota,Plain-backedAntpitta,71
Icteridae,Leistes,Leistes bellicosus,PeruvianMeadowlark,71
Furnariidae,Campylorhamphus,Campylorhamphus procurvoides,Curve-billedScythebill,72
Formicariidae,Formicarius,Formicarius nigricapillus,Black-headedAntthrush,72
Thraupidae,Sicalis,Sicalis citrina,Stripe-tailedYellowFinch,72
Vireonidae,Vireo,Vireo altiloquus,Black-whiskeredVireo,72
Tyrannidae,Pseudotriccus,Pseudotriccus ruficeps,Rufous-headedPygmyTyrant,72
Thraupidae,Asemospiza,Asemospiza obscura,Dull-coloredGrassquit,72
Tyrannidae,Hemitriccus,Hemitriccus zosterops,White-eyedTody-Tyrant,72
Thraupidae,Coryphospingus,Coryphospingus pileatus,GreyPileatedFinch,73
Thraupidae,Lanio,Lanio fulvus,FulvousShrike-Tanager,73
Tyrannidae,Myiornis,Myiornis atricapillus,Black-cappedPygmyTyrant,73
Furnariidae,Anabacerthia,Anabacerthia variegaticeps,Scaly-throatedFoliage-gleaner,73
Thamnophilidae,Herpsilochmus,Herpsilochmus dorsimaculatus,Spot-backedAntwren,74
Thraupidae,Sporophila,Sporophila minuta,Ruddy-breastedSeedeater,74
Thraupidae,Loriotus,Loriotus cristatus,Flame-crestedTanager,74
Furnariidae,Cranioleuca,Cranioleuca curtata,Ash-browedSpinetail,74
Tyrannidae,Elaenia,Elaenia cristata,Plain-crestedElaenia,74
Vireonidae,Hylophilus,Hylophilus semicinereus,Grey-chestedGreenlet,74
Vireonidae,Pachysylvia,Pachysylvia semibrunnea,Rufous-napedGreenlet,75
Tyrannidae,Fluvicola,Fluvicola nengeta,MaskedWaterTyrant,75
Icteridae,Macroagelaius,Macroagelaius subalaris,ColombianMountainGrackle,75
Furnariidae,Synallaxis,Synallaxis cinnamomea,Stripe-breastedSpinetail,75
Troglodytidae,Henicorhina,Henicorhina negreti,MunchiqueWoodWren,75
Furnariidae,Sclerurus,Sclerurus caudacutus,Black-tailedLeaftosser,75
Furnariidae,Nasica,Nasica longirostris,Long-billedWoodcreeper,75
Icteridae,Icterus,Icterus nigrogularis,YellowOriole,76
Thamnophilidae,Cercomacroides,Cercomacroides fuscicauda,RiparianAntbird,76
Tyrannidae,Myiozetetes,Myiozetetes luteiventris,Dusky-chestedFlycatcher,76
Icteridae,Icterus,Icterus croconotus,Orange-backedTroupial,77
Thamnophilidae,Cercomacroides,Cercomacroides parkeri,Parker'sAntbird,77
Tyrannidae,Rhynchocyclus,Rhynchocyclus olivaceus,OlivaceousFlatbill,77
Troglodytidae,Pheugopedius,Pheugopedius spadix,Sooty-headedWren,77
Thraupidae,Anisognathus,Anisognathus lacrymosus,LacrimoseMountainTanager,77
Tyrannidae,Tyrannus,Tyrannus savana,Fork-tailedFlycatcher,78
Hirundinidae,Stelgidopteryx,Stelgidopteryx serripennis,NorthernRough-wingedSwallow,78
Thraupidae,Tachyphonus,Tachyphonus rufus,White-linedTanager,78
Furnariidae,Xiphorhynchus,Xiphorhynchus erythropygius,SpottedWoodcreeper,79
Onychorhynchidae,Terenotriccus,Terenotriccus erythrurus,Ruddy-tailedFlycatcher,79
Furnariidae,Lepidocolaptes,Lepidocolaptes lacrymiger,MontaneWoodcreeper,79
Thamnophilidae,Gymnopithys,Gymnopithys bicolor,BicoloredAntbird,80
Thraupidae,Cissopis,Cissopis leverianus,MagpieTanager,80
Thamnophilidae,Dichrozona,Dichrozona cincta,BandedAntbird,80
Cotingidae,Procnias,Procnias averano,BeardedBellbird,80
Grallaridae,Grallaria,Grallaria bangsi,SantaMartaAntpitta,80
Cotingidae,Lipaugus,Lipaugus unirufus,RufousPiha,80
Tyrannidae,Hemitriccus,Hemitriccus granadensis,Black-throatedTody-Tyrant,80
Icteridae,Psarocolius,Psarocolius wagleri,Chestnut-headedOropendola,80
Furnariidae,Xiphorhynchus,Xiphorhynchus obsoletus,StripedWoodcreeper,81
Thamnophilidae,Epinecrophylla,Epinecrophylla haematonota,Rufous-backedStipplethroat,81
Tyrannidae,Poecilotriccus,Poecilotriccus capitalis,Black-and-whiteTody-Flycatcher,81
Rhinocryptidae,Scytalopus,Scytalopus micropterus,Long-tailedTapaculo,81
Tyrannidae,Lophotriccus,Lophotriccus vitiosus,Double-bandedPygmyTyrant,82
Tityridae,Tityra,Tityra cayana,Black-tailedTityra,82
Motacillidae,Anthus,Anthus lutescens,YellowishPipit,83
Thraupidae,Chlorornis,Chlorornis riefferii,Grass-greenTanager,84
Tityridae,Pachyramphus,Pachyramphus cinnamomeus,CinnamonBecard,84
Tyrannidae,Hemitriccus,Hemitriccus striaticollis,Stripe-neckedTody-Tyrant,84
Furnariidae,Sclerurus,Sclerurus albigularis,Grey-throatedLeaftosser,84
Thraupidae,Stilpnia,Stilpnia cayana,Burnished-buffTanager,84
Tyrannidae,Tyrannus,Tyrannus dominicensis,GreyKingbird,84
Furnariidae,Hellmayrea,Hellmayrea gularis,White-browedSpinetail,85
Tyrannidae,Tyrannopsis,Tyrannopsis sulphurea,SulphuryFlycatcher,85
Thamnophilidae,Hylophylax,Hylophylax naevioides,SpottedAntbird,85
Tyrannidae,Tyrannulus,Tyrannulus elatus,Yellow-crownedTyrannulet,86
Thraupidae,Diglossa,Diglossa caerulescens,BluishFlowerpiercer,86
Furnariidae,Synallaxis,Synallaxis albigularis,Dark-breastedSpinetail,86
Furnariidae,Anabacerthia,Anabacerthia striaticollis,MontaneFoliage-gleaner,87
Grallaridae,Grallaria,Grallaria flavotincta,Yellow-breastedAntpitta,87
Thraupidae,Diglossa,Diglossa lafresnayii,GlossyFlowerpiercer,87
Thraupidae,Sporophila,Sporophila luctuosa,Black-and-whiteSeedeater,87
Icteridae,Quiscalus,Quiscalus lugubris,CaribGrackle,87
Thraupidae,Saltator,Saltator atripennis,Black-wingedSaltator,87
Icteridae,Chrysomus,Chrysomus icterocephalus,Yellow-hoodedBlackbird,88
Thraupidae,Cyanerpes,Cyanerpes cyaneus,Red-leggedHoneycreeper,88
Corvidae,Cyanolyca,Cyanolyca turcosa,TurquoiseJay,88
Grallaridae,Hylopezus,Hylopezus perspicillatus,Streak-chestedAntpitta,90
Tyrannidae,Leptopogon,Leptopogon rufipectus,Rufous-breastedFlycatcher,90
Thamnophilidae,Hypocnemis,Hypocnemis hypoxantha,Yellow-browedAntbird,90
Pipridae,Ceratopipra,Ceratopipra mentalis,Red-cappedManakin,90
Fringilidae,Chlorophonia,Chlorophonia cyanea,Blue-napedChlorophonia,90
Thamnophilidae,Epinecrophylla,Epinecrophylla fulviventris,Checker-throatedStipplethroat,90
Furnariidae,Deconychura,Deconychura longicauda,Long-tailedWoodcreeper,91
Tyrannidae,Elaenia,Elaenia albiceps,White-crestedElaenia,91
Thraupidae,Buthraupis,Buthraupis montana,HoodedMountainTanager,91
Tyrannidae,Attila,Attila bolivianus,White-eyedAttila,91
Tityridae,Pachyramphus,Pachyramphus marginatus,Black-cappedBecard,91
Thamnophilidae,Thamnophilus,Thamnophilus multistriatus,Bar-crestedAntshrike,92
Furnariidae,Xiphorhynchus,Xiphorhynchus elegans,ElegantWoodcreeper,92
Icteridae,Amblycercus,Amblycercus holosericeus,Yellow-billedCacique,92
Thamnophilidae,Cercomacra,Cercomacra nigricans,JetAntbird,92
Tyrannidae,Mecocerculus,Mecocerculus stictopterus,White-bandedTyrannulet,92
Furnariidae,Thripadectes,Thripadectes holostictus,StripedTreehunter,92
Pipridae,Chiroxiphia,Chiroxiphia lanceolata,Lance-tailedManakin,93
Tityridae,Schiffornis,Schiffornis veraepacis,NorthernSchiffornis,93
Furnariidae,Campylorhamphus,Campylorhamphus pusillus,Brown-billedScythebill,93
Grallaridae,Grallaria,Grallaria squamigera,UndulatedAntpitta,94
Tyrannidae,Mitrephanes,Mitrephanes phaeocercus,NorthernTuftedFlycatcher,94
Thraupidae,Nemosia,Nemosia pileata,HoodedTanager,94
Thamnophilidae,Myrmelastes,Myrmelastes hyperythrus,PlumbeousAntbird,94
Tyrannidae,Ochthoeca,Ochthoeca cinnamomeiventris,Slaty-backedChat-Tyrant,95
Tyrannidae,Cnipodectes,Cnipodectes subbrunneus,BrownishTwistwing,95
Thamnophilidae,Myrmotherula,Myrmotherula longipennis,Long-wingedAntwren,95
Thraupidae,Asemospiza,Asemospiza fuliginosa,SootyGrassquit,96
Tyrannidae,Poecilotriccus,Poecilotriccus sylvia,Slaty-headedTody-Flycatcher,96
Rhinocryptidae,Myornis,Myornis senilis,Ash-coloredTapaculo,96
Tyrannidae,Anairetes,Anairetes parulus,TuftedTit-Tyrant,96
Tyrannidae,Myiornis,Myiornis ecaudatus,Short-tailedPygmyTyrant,96
Troglodytidae,Thryophilus,Thryophilus nicefori,Niceforo'sWren,96
Tyrannidae,Phyllomyias,Phyllomyias burmeisteri,Rough-leggedTyrannulet,96
Rhinocryptidae,Scytalopus,Scytalopus opacus,ParamoTapaculo,96
Thamnophilidae,Pyriglena,Pyriglena leuconota,EastAmazonianFire-eye,96
Tyrannidae,Empidonomus,Empidonomus varius,VariegatedFlycatcher,97
Passerellidae,Atlapetes,Atlapetes pallidinucha,Pale-napedBrushfinch,97
Pipridae,Neopelma,Neopelma chrysocephalum,Saffron-crestedTyrant-Manakin,98
Thraupidae,Thlypopsis,Thlypopsis superciliaris,SuperciliariedHemispingus,98
Icteridae,Dives,Dives warczewiczi,ScrubBlackbird,98
Thraupidae,Sporophila,Sporophila lineola,LinedSeedeater,98
Tyrannidae,Poecilotriccus,Poecilotriccus latirostris,Rusty-frontedTody-Flycatcher,99
Formicariidae,Formicarius,Formicarius rufipectus,Rufous-breastedAntthrush,99
Furnariidae,Cranioleuca,Cranioleuca erythrops,Red-facedSpinetail,99
Tyrannidae,Attila,Attila citriniventris,Citron-belliedAttila,99
Troglodytidae,Campylorhynchus,Campylorhynchus griseus,BicoloredWren,99
Furnariidae,Cranioleuca,Cranioleuca vulpina,Rusty-backedSpinetail,99
Furnariidae,Asthenes,Asthenes fuliginosa,White-chinnedThistletail,100
Furnariidae,Automolus,Automolus subulatus,EasternWoodhaunter,100
Tyrannidae,Corythopis,Corythopis torquatus,RingedAntpipit,100
Hirundinidae,Tachycineta,Tachycineta thalassina,Violet-greenSwallow,100
Tityridae,Pachyramphus,Pachyramphus viridis,Green-backedBecard,100
Tyrannidae,Platyrinchus,Platyrinchus coronatus,Golden-crownedSpadebill,101
Furnariidae,Thripadectes,Thripadectes virgaticeps,Streak-cappedTreehunter,101
Corvidae,Cyanolyca,Cyanolyca armillata,Black-collaredJay,102
Thamnophilidae,Hylophylax,Hylophylax punctulatus,Dot-backedAntbird,102
Thraupidae,Sericossypha,Sericossypha albocristata,White-cappedTanager,102
Thamnophilidae,Epinecrophylla,Epinecrophylla ornata,OrnateStipplethroat,103
Thraupidae,Tangara,Tangara chilensis,ParadiseTanager,103
Furnariidae,Synallaxis,Synallaxis rutilans,RuddySpinetail,104
Tyrannidae,Platyrinchus,Platyrinchus platyrhynchos,White-crestedSpadebill,104
Rhinocryptidae,Scytalopus,Scytalopus vicinior,NarinoTapaculo,104
Thraupidae,Diglossa,Diglossa albilatera,White-sidedFlowerpiercer,104
Polioptilidae,Microbates,Microbates cinereiventris,Tawny-facedGnatwren,105
Fringilidae,Chlorophonia,Chlorophonia cyanocephala,Golden-rumpedEuphonia,105
Tyrannidae,Leptopogon,Leptopogon superciliaris,Slaty-cappedFlycatcher,105
Thraupidae,Dacnis,Dacnis cayana,BlueDacnis,105
Tyrannidae,Phyllomyias,Phyllomyias griseiceps,Sooty-headedTyrannulet,105
Tityridae,Laniocera,Laniocera hypopyrra,CinereousMourner,105
Tyrannidae,Hirundinea,Hirundinea ferruginea,CliffFlycatcher,105
Furnariidae,Premnoplex,Premnoplex brunnescens,SpottedBarbtail,105
Furnariidae,Phacellodomus,Phacellodomus rufifrons,Rufous-frontedThornbird,107
Rhinocryptidae,Liosceles,Liosceles thoracicus,Rusty-beltedTapaculo,107
Thamnophilidae,Pygiptila,Pygiptila stellaris,Spot-wingedAntshrike,107
Thamnophilidae,Myrmotherula,Myrmotherula multostriata,AmazonianStreakedAntwren,108
Vireonidae,Hylophilus,Hylophilus thoracicus,Lemon-chestedGreenlet,108
Thraupidae,Hemithraupis,Hemithraupis guira,GuiraTanager,108
Vireonidae,Pachysylvia,Pachysylvia hypoxantha,Dusky-cappedGreenlet,109
Furnariidae,Synallaxis,Synallaxis brachyura,SlatySpinetail,109
Hirundinidae,Progne,Progne tapera,Brown-chestedMartin,111
Corvidae,Cyanocorax,Cyanocorax affinis,Black-chestedJay,111
Troglodytidae,Cyphorhinus,Cyphorhinus phaeocephalus,SongWren,111
Tyrannidae,Ramphotrigon,Ramphotrigon ruficauda,Rufous-tailedFlatbill,113
Tityridae,Tityra,Tityra semifasciata,MaskedTityra,113
Furnariidae,Dendrexetastes,Dendrexetastes rufigula,Cinnamon-throatedWoodcreeper,113
Tyrannidae,Colonia,Colonia colonus,Long-tailedTyrant,114
Thraupidae,Tersina,Tersina viridis,SwallowTanager,114
Passerellidae,Chlorospingus,Chlorospingus flavigularis,Yellow-throatedBushTanager,114
Tyrannidae,Tolmomyias,Tolmomyias assimilis,Zimmer'sFlatbill,114
Hirundinidae,Stelgidopteryx,Stelgidopteryx ruficollis,SouthernRough-wingedSwallow,115
Furnariidae,Dendroma,Dendroma rufa,Buff-frontedFoliage-gleaner,115
Thamnophilidae,Phlegopsis,Phlegopsis nigromaculata,Black-spottedBare-eye,116
Thamnophilidae,Drymophila,Drymophila devillei,StriatedAntbird,116
Grallaridae,Grallaria,Grallaria varia,VariegatedAntpitta,116
Tyrannidae,Ramphotrigon,Ramphotrigon megacephalum,Large-headedFlatbill,116
Tyrannidae,Machetornis,Machetornis rixosa,CattleTyrant,117
Furnariidae,Syndactyla,Syndactyla subalaris,LineatedFoliage-gleaner,117
Tyrannidae,Pseudopipra,Pseudopipra pipra,White-crownedManakin,117
Grallaridae,Grallaria, Grallaria guatimalensis,ScaledAntpitta,118
Grallaridae,Grallaria,Grallaria saturata,EquatorialAntpitta,118
Tyrannidae,Elaenia,Elaenia chiriquensis,LesserElaenia,118
Thraupidae,Conirostrum,Conirostrum speciosum,Chestnut-ventedConebill,119
Tyrannidae,Tyrannus,Tyrannus tyrannus,EasternKingbird,119
Tityridae,Schiffornis,Schiffornis turdina,Brown-wingedSchiffornis,119
Tyrannidae,Contopus,Contopus cinereus,TropicalPewee,120
Tyrannidae,Contopus,Contopus fumigatus,Smoke-coloredPewee,121
Fringilidae,Euphonia,Euphonia chrysopasta,White-loredEuphonia,121
Thraupidae,Pipraeidea,Pipraeidea melanonota,Fawn-breastedTanager,121
Furnariidae,Automolus,Automolus infuscatus,Olive-backedFoliage-gleaner,122
Thraupidae,Dubusia,Dubusia taeniata,Buff-breastedMountainTanager,122
Rhinocryptidae,Acropternis,Acropternis orthonyx,OcellatedTapaculo,122
Fringilidae,Spinus,Spinus magellanicus,HoodedSiskin,123
Grallaridae,Grallaria,Grallaria nuchalis,Chestnut-napedAntpitta,123
Passerellidae,Ammodramus,Ammodramus aurifrons,Yellow-browedSparrow,124
Thamnophilidae,Isleria,Isleria hauxwelli,Plain-throatedAntwren,124
Troglodytidae,Campylorhynchus,Campylorhynchus zonatus,Band-backedWren,124
Furnariidae,Automolus,Automolus rufipileatus,Chestnut-crownedFoliage-gleaner,125
Thamnophilidae,Thamnophilus,Thamnophilus amazonicus,AmazonianAntshrike,125
Icteridae,Psarocolius,Psarocolius viridis,GreenOropendola,125
Vireonidae,Hylophilus,Hylophilus flavipes,ScrubGreenlet,125
Thamnophilidae,Thamnomanes,Thamnomanes ardesiacus,Dusky-throatedAntshrike,125
Tyrannidae,Empidonax,Empidonax flaviventris,Yellow-belliedFlycatcher,125
Turdidae,Catharus,Catharus minimus,Grey-cheekedThrush,126
Thamnophilidae,Myrmelastes,Myrmelastes leucostigma,Spot-wingedAntbird,126
Hirundinidae,Progne,Progne chalybea,Grey-breastedMartin,127
Thamnophilidae,Cercomacroides,Cercomacroides serva,BlackAntbird,127
Troglodytidae,Pheugopedius,Pheugopedius fasciatoventris,Black-belliedWren,127
Furnariidae,Lepidocolaptes,Lepidocolaptes souleyetii,Streak-headedWoodcreeper,127
Passerellidae,Ammodramus,Ammodramus humeralis,GrasslandSparrow,128
Icteridae,Cacicus,Cacicus solitarius,SolitaryCacique,128
Tyrannidae,Elaenia,Elaenia spectabilis,LargeElaenia,128
Thraupidae,Diglossa,Diglossa cyanea,MaskedFlowerpiercer,128
Thraupidae,Eucometis,Eucometis penicillata,Grey-headedTanager,130
Furnariidae,Clibanornis,Clibanornis rubiginosus,RuddyFoliage-gleaner,130
Thamnophilidae,Thamnophilus,Thamnophilus unicolor,UniformAntshrike,131
Thamnophilidae,Thamnophilus,Thamnophilus murinus,Mouse-coloredAntshrike,131
Vireonidae,Vireo,Vireo flavoviridis,Yellow-greenVireo,131
Thraupidae,Coryphospingus,Coryphospingus cucullatus,RedPileatedFinch,131
Passerellidae,Atlapetes,Atlapetes latinuchus,Yellow-breastedBrushfinch,132
Troglodytidae,Cinnycerthia,Cinnycerthia unirufa,RufousWren,132
Vireonidae,Cyclarhis,Cyclarhis nigrirostris,Black-billedPeppershrike,133
Cotingidae,Pipreola,Pipreola riefferii,Green-and-blackFruiteater,133
Thamnophilidae,Myrmeciza,Myrmeciza longipes,White-belliedAntbird,133
Ploceidae,Ploceus,Ploceus cucullatus,VillageWeaver,134
Thraupidae,Tiaris,Tiaris olivaceus,Yellow-facedGrassquit,134
Rhinocryptidae,Scytalopus,Scytalopus griseicollis,Pale-belliedTapaculo,134
Tyrannidae,Attila,Attila cinnamomeus,CinnamonAttila,135
Tyrannidae,Myiotriccus,Myiotriccus ornatus,OrnateFlycatcher,136
Thamnophilidae,Herpsilochmus,Herpsilochmus rufimarginatus,Rufous-marginedAntwren,136
Thamnophilidae,Myrmotherula,Myrmotherula menetriesii,GreyAntwren,137
Passerellidae,Atlapetes,Atlapetes schistaceus,SlatyBrushfinch,137
Thamnophilidae,Willisornis,Willisornis poecilinotus,CommonScale-backedAntbird,137
Thamnophilidae,Thamnophilus,Thamnophilus punctatus,NorthernSlatyAntshrike,138
Furnariidae,Dendrocolaptes,Dendrocolaptes picumnus,Black-bandedWoodcreeper,140
Thamnophilidae,Formicivora,Formicivora grisea,SouthernWhite-fringedAntwren,141
Cotingidae,Rupicola,Rupicola peruvianus,AndeanCock-of-the-rock,142
Vireonidae,Vireolanius,Vireolanius leucotis,Slaty-cappedShrike-Vireo,142
Furnariidae,Synallaxis,Synallaxis unirufa,RufousSpinetail,143
Thraupidae,Sporophila,Sporophila caerulescens,Double-collaredSeedeater,143
Passerellidae,Spizella,Spizella pallida,Clay-coloredSparrow,143
Troglodytidae,Cistothorus,Cistothorus apolinari,Apolinar'sWren,144
Thamnophilidae,Thamnophilus,Thamnophilus schistaceus,Plain-wingedAntshrike,144
Thamnophilidae,Sakesphorus,Sakesphorus canadensis,Black-crestedAntshrike,144
Troglodytidae,Cinnycerthia,Cinnycerthia olivascens,Sepia-brownWren,146
Furnariidae,Sclerurus,Sclerurus obscurior,DuskyLeaftosser,146
Thraupidae,Anisognathus,Anisognathus igniventris,Scarlet-belliedMountainTanager,147
Tyrannidae,Lophotriccus,Lophotriccus galeatus,HelmetedPygmyTyrant,147
Thamnophilidae,Drymophila,Drymophila striaticeps,Streak-headedAntbird,147
Hirundinidae,Tachycineta,Tachycineta bicolor,TreeSwallow,148
Pipridae,Ceratopipra,Ceratopipra erythrocephala,Golden-headedManakin,150
Thamnophilidae,Pyriglena,Pyriglena maura,WesternFire-eye,150
Cotingidae,Querula,Querula purpurata,Purple-throatedFruitcrow,151
Vireonidae,Pachysylvia,Pachysylvia decurtata,LesserGreenlet,152
Rhodinocichlidae,Rhodinocichla,Rhodinocichla rosea,RosyThrush-tanager,152
Thamnophilidae,Hypocnemis,Hypocnemis peruviana,PeruvianWarblingAntbird,153
Hirundinidae,Petrochelidon,Petrochelidon pyrrhonota,AmericanCliffSwallow,153
Tyrannidae,Elaenia,Elaenia parvirostris,Small-billedElaenia,154
Furnariidae,Lochmias,Lochmias nematura,Sharp-tailedStreamcreeper,154
Fringilidae,Euphonia,Euphonia violacea,ViolaceousEuphonia,155
Tyrannidae,Ornithion,Ornithion inerme,White-loredTyrannulet,155
Troglodytidae,Pheugopedius,Pheugopedius sclateri,Speckle-breastedWren,155
Corvidae,Cyanocorax,Cyanocorax violaceus,ViolaceousJay,155
Thamnophilidae,Myrmotherula,Myrmotherula brachyura,PygmyAntwren,156
Troglodytidae,Cyphorhinus,Cyphorhinus arada,MusicianWren,157
Furnariidae,Synallaxis,Synallaxis gujanensis,Plain-crownedSpinetail,158
Icteridae,Cacicus,Cacicus haemorrhous,Red-rumpedCacique,158
Grallaridae,Grallaricula,Grallaricula nana,Slaty-crownedAntpitta,158
Fringilidae,Euphonia,Euphonia laniirostris,Thick-billedEuphonia,159
Tyrannidae,Tolmomyias,Tolmomyias poliocephalus,Grey-crownedFlatbill,159
Vireonidae,Vireo,Vireo leucophrys,Brown-cappedVireo,160
Hirundinidae,Pygochelidon,Pygochelidon cyanoleuca,Blue-and-whiteSwallow,161
Tyrannidae,Mionectes,Mionectes oleagineus,Ochre-belliedFlycatcher,162
Furnariidae,Xenops,Xenops rutilans,StreakedXenops,163
Thraupidae,Emberizoides,Emberizoides herbicola,Wedge-tailedGrassFinch,163
Turdidae,Catharus,Catharus fuscater,Slaty-backedNightingale-Thrush,163
Hirundinidae,Progne,Progne subis,PurpleMartin,164
Tyrannidae,Myiopagis,Myiopagis gaimardii,ForestElaenia,165
Tyrannidae,Myiarchus,Myiarchus swainsoni,Swainson'sFlycatcher,166
Passerellidae,Arremon,Arremon taciturnus,PectoralSparrow,166
Pipridae,Lepidothrix,Lepidothrix coronata,Blue-crownedManakin,167
Pipridae,Tyranneutes,Tyranneutes stolzmanni,DwarfTyrant-Manakin,167
Tyrannidae,Elaenia,Elaenia frantzii,MountainElaenia,167
Icteridae,Icterus,Icterus chrysater,Yellow-backedOriole,168
Troglodytidae,Campylorhynchus,Campylorhynchus turdinus,Thrush-likeWren,169
Rhinocryptidae,Scytalopus,Scytalopus atratus,White-crownedTapaculo,169
Thraupidae,Sporophila,Sporophila angolensis,Chestnut-belliedSeedFinch,170
Thamnophilidae,Percnostola,Percnostola rufifrons,Black-headedAntbird,172
Tyrannidae,Tolmomyias,Tolmomyias flaviventris,Ochre-loredFlatbill,174
Tyrannidae,Myiodynastes,Myiodynastes chrysocephalus,Golden-crownedFlycatcher,175
Thamnophilidae,Thamnomanes,Thamnomanes caesius,CinereousAntshrike,176
Motacillidae,Anthus,Anthus rubescens,Buff-belliedPipit,177
Vireonidae,Tunchiornis,Tunchiornis ochraceiceps,Tawny-crownedGreenlet,178
Vireonidae,Vireo,Vireo flavifrons,Yellow-throatedVireo,178
Tyrannidae,Mecocerculus,Mecocerculus leucophrys,White-throatedTyrannulet,178
Tyrannidae,Rhytipterna,Rhytipterna simplex,GreyishMourner,178
Tyrannidae,Leptopogon,Leptopogon amaurocephalus,Sepia-cappedFlycatcher,179
Furnariidae,Dendrocolaptes,Dendrocolaptes certhia,AmazonianBarredWoodcreeper,180
Grallaridae,Myrmothera,Myrmothera campanisona,Thrush-likeAntpitta,182
Thamnophilidae,Cercomacroides,Cercomacroides nigrescens,BlackishAntbird,183
Troglodytidae,Cyphorhinus,Cyphorhinus thoracicus,Chestnut-breastedWren,183
Thraupidae,Sicalis,Sicalis luteola,GrasslandYellowFinch,183
Troglodytidae,Pheugopedius,Pheugopedius rutilus,Rufous-breastedWren,183
Furnariidae,Xiphocolaptes,Xiphocolaptes promeropirhynchus,Strong-billedWoodcreeper,185
Thamnophilidae,Thamnophilus,Thamnophilus aethiops,White-shoulderedAntshrike,186
Icteridae,Dolichonyx,Dolichonyx oryzivorus,Bobolink,187
Grallaridae,Grallaria,Grallaria quitensis,TawnyAntpitta,187
Thamnophilidae,Sclateria,Sclateria naevia,SilveredAntbird,188
Polioptilidae,Polioptila,Polioptila plumbea,TropicalGnatcatcher,191
Thamnophilidae,Cymbilaimus,Cymbilaimus lineatus,FasciatedAntshrike,192
Furnariidae,Xiphorhynchus,Xiphorhynchus susurrans,CocoaWoodcreeper,192
Tyrannidae,Myiarchus,Myiarchus ferox,Short-crestedFlycatcher,192
Tyrannidae,Myiopagis,Myiopagis caniceps,GreyElaenia,193
Thamnophilidae,Thamnophilus,Thamnophilus atrinucha,Black-crownedAntshrike,193
Icteridae,Icterus,Icterus spurius,OrchardOriole,193
Rhinocryptidae,Scytalopus,Scytalopus spillmanni,Spillmann'sTapaculo,193
Tyrannidae,Sayornis,Sayornis nigricans,BlackPhoebe,194
Formicariidae,Formicarius,Formicarius colma,Rufous-cappedAntthrush,194
Tyrannidae,Myiophobus,Myiophobus fasciatus,Bran-coloredFlycatcher,194
Icteridae,Molothrus,Molothrus bonariensis,ShinyCowbird,195
Troglodytidae,Thryophilus,Thryophilus rufalbus,Rufous-and-whiteWren,195
Passerellidae,Arremonops,Arremonops conirostris,Black-stripedSparrow,199
Tyrannidae,Pyrrhomyias,Pyrrhomyias cinnamomeus,CinnamonFlycatcher,200
Tyrannidae,Myiodynastes,Myiodynastes luteiventris,Sulphur-belliedFlycatcher,200
Troglodytidae,Troglodytes,Troglodytes solstitialis,MountainWren,204
Thamnophilidae,Cercomacra,Cercomacra cinerascens,GreyAntbird,205
Troglodytidae,Pheugopedius,Pheugopedius euophrys,Plain-tailedWren,206
Tyrannidae,Contopus,Contopus cooperi,Olive-sidedFlycatcher,206
Thamnophilidae,Hylophylax,Hylophylax naevius,Spot-backedAntbird,207
Donacobiidae,Donacobius,Donacobius atricapilla,Black-cappedDonacobius,207
Tyrannidae,Piprites,Piprites chloris,Wing-barredPiprites,208
Furnariidae,Glyphorynchus,Glyphorynchus spirurus,Wedge-billedWoodcreeper,208
Thraupidae,Saltator,Saltator striatipectus,StreakedSaltator,212
Fringilidae,Euphonia,Euphonia xanthogaster,Orange-belliedEuphonia,215
Icteridae,Psarocolius,Psarocolius decumanus,CrestedOropendola,216
Fringilidae,Euphonia,Euphonia chlorotica,Purple-throatedEuphonia,216
Corvidae,Cyanocorax,Cyanocorax yncas,IncaJay,217
Thraupidae,Thraupis,Thraupis palmarum,PalmTanager,218
Tyrannidae,Cnemotriccus,Cnemotriccus fuscatus,FuscousFlycatcher,218
Thraupidae,Sporophila,Sporophila nigricollis,Yellow-belliedSeedeater,220
Tyrannidae,Capsiempis,Capsiempis flaveola,YellowTyrannulet,221
Thraupidae,Thraupis,Thraupis episcopus,Blue-greyTanager,226
Passerellidae,Arremon,Arremon aurantiirostris,Orange-billedSparrow,227
Tyrannidae,Myiozetetes,Myiozetetes cayanensis,Rusty-marginedFlycatcher,227
Mimidae,Mimus,Mimus gilvus,TropicalMockingbird,228
Thamnophilidae,Microrhopias,Microrhopias quixensis,Dot-wingedAntwren,228
Tyrannidae,Myiopagis,Myiopagis viridicata,GreenishElaenia,229
Furnariidae,Campylorhamphus,Campylorhamphus trochilirostris,Red-billedScythebill,229
Tyrannidae,Phaeomyias,Phaeomyias murina,Mouse-coloredTyrannulet,231
Thamnophilidae,Myrmoborus,Myrmoborus leucophrys,White-browedAntbird,232
Thraupidae,Ramphocelus,Ramphocelus carbo,Silver-beakedTanager,232
Tyrannidae,Zimmerius,Zimmerius chrysops,Golden-facedTyrannulet,234
Tyrannidae,Hemitriccus,Hemitriccus margaritaceiventer,Pearly-ventedTody-Tyrant,236
Tyrannidae,Todirostrum,Todirostrum cinereum,CommonTody-Flycatcher,237
Tyrannidae,Empidonax,Empidonax virescens,AcadianFlycatcher,237
Passerellidae,Ammodramus,Ammodramus savannarum,GrasshopperSparrow,237
Furnariidae,Certhiaxis,Certhiaxis cinnamomeus,Yellow-chinnedSpinetail,239
Tyrannidae,Euscarthmus,Euscarthmus meloryphus,Tawny-crownedPygmyTyrant,240
Tyrannidae,Platyrinchus,Platyrinchus mystaceus,White-throatedSpadebill,243
Passerellidae,Arremon,Arremon assimilis,Grey-browedBrushfinch,246
Troglodytidae,Pheugopedius,Pheugopedius mystacalis,WhiskeredWren,246
Furnariidae,Dendroplex,Dendroplex picus,Straight-billedWoodcreeper,248
Troglodytidae,Pheugopedius,Pheugopedius genibarbis,MoustachedWren,248
Furnariidae,Dendrocincla,Dendrocincla fuliginosa,Plain-brownWoodcreeper,250
Troglodytidae,Pheugopedius,Pheugopedius coraya,CorayaWren,253
Furnariidae,Xenops,Xenops minutus,PlainXenops,254
Thamnophilidae,Myrmophylax,Myrmophylax atrothorax,Black-throatedAntbird,254
Tityridae,Pachyramphus,Pachyramphus polychopterus,White-wingedBecard,260
Thraupidae,Sicalis,Sicalis flaveola,SaffronFinch,262
Passerellidae,Arremon,Arremon brunneinucha,Chestnut-cappedBrushfinch,263
Tyrannidae,Contopus,Contopus virens,EasternWoodPewee,265
Tyrannidae,Empidonax,Empidonax minimus,LeastFlycatcher,265
Troglodytidae,Cantorchilus,Cantorchilus nigricapillus,BayWren,268
Thamnophilidae,Myrmotherula,Myrmotherula axillaris,White-flankedAntwren,268
Thraupidae,Saltator,Saltator coerulescens,Blue-greySaltator,270
Passerellidae,Chlorospingus,Chlorospingus flavopectus,CommonBushTanager,277
Tyrannidae,Empidonax,Empidonax traillii,WillowFlycatcher,277
Icteridae,Sturnella,Sturnella magna,EasternMeadowlark,279
Tyrannidae,Elaenia,Elaenia flavogaster,Yellow-belliedElaenia,279
Icteridae,Psarocolius,Psarocolius angustifrons,Russet-backedOropendola,279
Tyrannidae,Myiarchus,Myiarchus crinitus,GreatCrestedFlycatcher,279
Furnariidae,Automolus,Automolus ochrolaemus,Buff-throatedFoliage-gleaner,287
Pipridae,Manacus,Manacus manacus,White-beardedManakin,287
Furnariidae,Synallaxis,Synallaxis albescens,Pale-breastedSpinetail,291
Turdidae,Catharus,Catharus fuscescens,Veery,291
Thamnophilidae,Poliocrania,Poliocrania exsul,Chestnut-backedAntbird,293
Thraupidae,Saltator,Saltator grossus,Slate-coloredGrosbeak,294
Icteridae,Icterus,Icterus galbula,BaltimoreOriole,297
Formicariidae,Chamaeza,Chamaeza campanisona,Short-tailedAntthrush,300
Tyrannidae,Empidonax,Empidonax alnorum,AlderFlycatcher,304
Icteridae,Quiscalus,Quiscalus mexicanus,Great-tailedGrackle,306
Turdidae,Myadestes,Myadestes ralloides,AndeanSolitaire,307
Tyrannidae,Legatus,Legatus leucophaius,PiraticFlycatcher,308
Thraupidae,Volatinia,Volatinia jacarina,Blue-blackGrassquit,310
Tyrannidae,Lophotriccus,Lophotriccus pileatus,Scale-crestedPygmyTyrant,314
Tyrannidae,Contopus,Contopus sordidulus,WesternWoodPewee,324
Vireonidae,Vireo,Vireo chivi,ChiviVireo,330
Thraupidae,Saltator,Saltator maximus,Buff-throatedSaltator,330
Troglodytidae,Cistothorus,Cistothorus platensis,GrassWren,331
Hirundinidae,Riparia,Riparia riparia,SandMartin,331
Icteridae,Cacicus,Cacicus cela,Yellow-rumpedCacique,332
Grallaridae,Grallaria,Grallaria ruficapilla,Chestnut-crownedAntpitta,336
Vireonidae,Vireo,Vireo olivaceus,Red-eyedVireo,340
Thamnophilidae,Cercomacroides,Cercomacroides tyrannina,DuskyAntbird,342
Troglodytidae,Microcerculus,Microcerculus marginatus,SouthernNightingale-Wren,342
Formicariidae,Formicarius,Formicarius analis,Black-facedAntthrush,343
Thamnophilidae,Myrmoborus,Myrmoborus myotherinus,Black-facedAntbird,350
Tyrannidae,Myiodynastes,Myiodynastes maculatus,StreakedFlycatcher,351
Fringilidae,Spinus,Spinus psaltria,LesserGoldfinch,355
Turdidae,Hylocichla,Hylocichla mustelina,WoodThrush,364
Tyrannidae,Lathrotriccus,Lathrotriccus euleri,Euler'sFlycatcher,380
Furnariidae,Synallaxis,Synallaxis azarae,Azara'sSpinetail,387
Tyrannidae,Myiozetetes,Myiozetetes similis,SocialFlycatcher,394
Vireonidae,Vireo,Vireo griseus,White-eyedVireo,398
Thamnophilidae,Thamnophilus,Thamnophilus doliatus,BarredAntshrike,401
Cotingidae,Lipaugus,Lipaugus vociferans,ScreamingPiha,402
Furnariidae,Sittasomus,Sittasomus griseicapillus,OlivaceousWoodcreeper,410
Rhinocryptidae,Scytalopus,Scytalopus latrans,BlackishTapaculo,415
Passerellidae,Passerculus,Passerculus sandwichensis,SavannahSparrow,416
Troglodytidae,Cantorchilus,Cantorchilus leucotis,Buff-breastedWren,425
Thamnophilidae,Dysithamnus,Dysithamnus mentalis,PlainAntvireo,432
Tyrannidae,Megarynchus,Megarynchus pitangua,Boat-billedFlycatcher,435
Alaudidae,Eremophila,Eremophila alpestris,HornedLark,442
Furnariidae,Xiphorhynchus,Xiphorhynchus guttatus,Buff-throatedWoodcreeper,445
Tyrannidae,Camptostoma,Camptostoma obsoletum,SouthernBeardlessTyrannulet,446
Thamnophilidae,Taraba,Taraba major,GreatAntshrike,455
Tyrannidae,Attila,Attila spadiceus,Bright-rumpedAttila,458
Tyrannidae,Myiarchus,Myiarchus tuberculifer,Dusky-cappedFlycatcher,459
Turdidae,Catharus,Catharus aurantiirostris,Orange-billedNightingale-Thrush,466
Mimidae,Dumetella,Dumetella carolinensis,GreyCatbird,470
Tyrannidae,Tyrannus,Tyrannus melancholicus,TropicalKingbird,479
Passerellidae,Zonotrichia,Zonotrichia leucophrys,White-crownedSparrow,498
Polioptilidae,Ramphocaenus,Ramphocaenus melanurus,TrillingGnatwren,504
Tyrannidae,Myiarchus,Myiarchus tyrannulus,Brown-crestedFlycatcher,569
Tyrannidae,Tolmomyias,Tolmomyias sulphurescens,Yellow-oliveFlatbill,572
Thraupidae,Coereba,Coereba flaveola,Bananaquit,573
Troglodytidae,Henicorhina,Henicorhina leucosticta,White-breastedWoodWren,604
Vireonidae,Vireo,Vireo gilvus,WarblingVireo,609
Tyrannidae,Pitangus,Pitangus sulphuratus,GreatKiskadee,661
Turdidae,Catharus,Catharus ustulatus,Swainson'sThrush,691
Vireonidae,Cyclarhis,Cyclarhis gujanensis,Rufous-browedPeppershrike,770
Passerellidae,Zonotrichia,Zonotrichia capensis,Rufous-collaredSparrow,774
Troglodytidae,Henicorhina,Henicorhina leucophrys,Grey-breastedWoodWren,899
Hirundinidae,Hirundo,Hirundo rustica,BarnSwallow,1573
Passeridae,Passer,Passer domesticus,HouseSparrow,1768
Troglodytidae,Troglodytes,Troglodytes aedon,HouseWren,1770
